"Date","Price","Open","High","Low","Vol.","Change %"
"10/02/2026","62.636","62.819","62.872","62.511","","-0.23%"
"10/01/2026","62.783","62.699","62.929","62.676","","0.17%"
"09/30/2026","62.675","62.600","62.815","62.491","","0.29%"
"09/29/2026","62.495","62.495","62.667","62.379","","-0.01%"
"09/28/2026","62.504","62.377","62.552","62.363","","0.08%"
"09/25/2026","62.457","62.757","62.796","62.264","","-0.49%"
"09/24/2026","62.764","62.788","62.843","62.654","","0.05%"
"09/23/2026","62.735","62.487","62.804","62.483","","0.30%"
"09/22/2026","62.548","62.771","62.791","62.355","","-0.36%"
"09/21/2026","62.777","62.823","62.846","62.731","","-0.15%"
"09/18/2026","62.870","62.765","62.987","62.597","","0.22%"
"09/17/2026","62.729","62.775","62.862","62.633","","-0.09%"
"09/16/2026","62.786","62.822","62.848","62.679","","-0.05%"
"09/15/2026","62.815","62.848","62.935","62.719","","-0.10%"
"09/14/2026","62.880","62.692","62.945","62.639","","0.38%"
"09/11/2026","62.642","62.602","62.758","62.518","","0.02%"
"09/10/2026","62.630","62.492","62.647","62.379","","0.22%"
"09/09/2026","62.492","62.557","62.575","62.382","","0.17%"
"09/08/2026","62.385","62.645","62.674","62.366","","-0.42%"
"09/07/2026","62.646","62.701","62.812","62.540","","0.00%"
"09/04/2026","62.644","62.517","62.709","62.363","","0.20%"
"09/03/2026","62.517","62.593","62.615","62.390","","-0.12%"
"09/02/2026","62.593","62.429","62.691","62.385","","0.23%"
"09/01/2026","62.447","62.366","62.491","62.292","","0.10%"
"08/31/2026","62.383","62.252","62.482","62.228","","0.15%"
"08/28/2026","62.289","61.916","62.439","61.831","","0.63%"
"08/27/2026","61.897","61.662","61.956","61.614","","0.38%"
"08/26/2026","61.661","61.620","61.768","61.531","","0.04%"
"08/25/2026","61.636","61.718","61.767","61.620","","-0.13%"
"08/24/2026","61.718","61.733","61.776","61.650","","0.08%"
"08/21/2026","61.671","61.698","61.734","61.642","","-0.03%"
"08/20/2026","61.688","61.815","61.838","61.543","","-0.20%"
"08/19/2026","61.810","61.819","61.979","61.713","","0.03%"
"08/18/2026","61.790","61.513","61.825","61.465","","0.48%"
"08/17/2026","61.495","61.486","61.599","61.415","","0.05%"
"08/14/2026","61.466","61.349","61.492","61.301","","0.19%"
"08/13/2026","61.349","61.250","61.423","61.158","","0.17%"
"08/12/2026","61.246","61.260","61.388","61.151","","-0.02%"
"08/11/2026","61.260","60.774","61.284","60.722","","0.85%"
"08/10/2026","60.742","60.846","60.929","60.685","","-0.19%"
"08/07/2026","60.858","60.792","61.040","60.666","","0.11%"
"08/06/2026","60.792","60.724","60.846","60.598","","0.12%"
"08/05/2026","60.722","61.040","61.042","60.579","","-0.42%"
"08/04/2026","60.979","60.936","61.231","60.798","","0.05%"
"08/03/2026","60.946","61.250","61.250","60.880","","-0.47%"
"07/31/2026","61.234","61.537","61.579","61.132","","-0.45%"
"07/30/2026","61.513","61.401","61.639","61.270","","0.18%"
"07/29/2026","61.401","61.465","61.631","61.343","","-0.08%"
"07/28/2026","61.453","61.729","61.737","61.378","","-0.35%"
"07/27/2026","61.669","61.718","61.785","61.658","","-0.11%"
"07/24/2026","61.737","61.772","61.881","61.639","","-0.02%"
"07/23/2026","61.751","61.760","61.881","61.713","","0.02%"
"07/22/2026","61.738","61.744","61.792","61.712","","-0.01%"
"07/21/2026","61.744","61.673","61.790","61.652","","0.12%"
"07/20/2026","61.673","61.613","61.721","61.585","","0.18%"
"07/17/2026","61.564","61.623","61.665","61.545","","-0.13%"
"07/16/2026","61.644","61.673","61.713","61.593","","-0.03%"
"07/15/2026","61.663","61.664","61.737","61.560","","0.09%"
"07/14/2026","61.605","61.590","61.735","61.513","","0.00%"
"07/13/2026","61.602","61.508","61.641","61.499","","0.10%"
"07/10/2026","61.539","61.643","61.650","61.491","","-0.17%"
"07/09/2026","61.642","61.536","61.660","61.479","","0.19%"
"07/08/2026","61.526","61.439","61.626","61.412","","0.15%"
"07/07/2026","61.436","61.482","61.530","61.359","","-0.07%"
"07/06/2026","61.482","61.447","61.563","61.392","","0.13%"
"07/03/2026","61.401","61.499","61.570","61.376","","-0.16%"
"07/02/2026","61.497","61.626","61.675","61.357","","-0.21%"
"07/01/2026","61.626","61.383","61.674","61.310","","0.45%"
"06/30/2026","61.350","61.206","61.428","61.129","","0.24%"
"06/29/2026","61.203","61.317","61.342","61.139","","-0.11%"
"06/26/2026","61.273","61.328","61.481","61.220","","-0.09%"
"06/25/2026","61.328","61.336","61.396","61.359","","0.63%"
"06/24/2026","60.945","61.218","61.502","60.793","","-0.30%"
"06/23/2026","61.130","61.128","61.368","60.855","","0.13%"
"06/22/2026","61.049","61.034","61.072","61.020","","0.52%"
"06/19/2026","60.732","60.588","60.804","60.568","","0.23%"
"06/18/2026","60.595","60.551","60.695","60.399","","0.24%"
"06/17/2026","60.447","60.300","60.515","60.219","","0.25%"
"06/16/2026","60.299","60.424","60.509","60.140","","0.05%"
"06/15/2026","60.268","60.662","60.715","60.120","","-0.75%"
"06/12/2026","60.722","61.092","61.302","60.518","","-0.51%"
"06/11/2026","61.034","61.386","61.436","60.976","","-0.58%"
"06/10/2026","61.388","61.536","61.591","61.230","","-0.23%"
"06/09/2026","61.532","61.698","61.713","61.294","","-0.25%"
"06/08/2026","61.689","61.518","61.751","61.517","","-0.11%"
"06/05/2026","61.755","61.536","61.990","61.369","","0.42%"
"06/04/2026","61.498","61.773","61.796","61.440","","-0.45%"
"06/03/2026","61.775","61.679","61.890","61.650","","0.16%"
"06/02/2026","61.677","61.766","61.858","61.607","","-0.15%"
"06/01/2026","61.767","61.489","61.871","61.489","","0.33%"
"05/29/2026","61.561","61.529","61.757","61.374","","0.04%"
"05/28/2026","61.534","61.415","61.732","61.272","","0.19%"
"05/27/2026","61.415","61.585","61.652","61.136","","-0.27%"
"05/26/2026","61.583","61.430","61.661","61.390","","0.40%"
"05/25/2026","61.338","61.522","61.541","61.203","","-0.52%"
"05/22/2026","61.660","61.625","61.767","61.482","","0.10%"
"05/21/2026","61.598","61.643","61.694","61.403","","0.12%"
"05/20/2026","61.525","61.724","61.743","61.383","","-0.32%"
"05/19/2026","61.725","61.688","61.796","61.622","","0.07%"
"05/18/2026","61.679","61.672","61.753","61.494","","0.14%"
"05/15/2026","61.595","61.581","61.780","61.547","","0.01%"
"05/14/2026","61.586","61.400","61.666","61.362","","0.32%"
"05/13/2026","61.392","61.528","61.644","61.238","","-0.22%"
"05/12/2026","61.527","60.930","61.560","60.924","","0.98%"
"05/11/2026","60.932","60.490","61.153","60.460","","0.66%"
"05/08/2026","60.533","60.545","60.814","60.316","","0.07%"
"05/07/2026","60.488","60.822","60.883","60.182","","-0.36%"
"05/06/2026","60.707","61.429","61.579","60.597","","-1.18%"
"05/05/2026","61.433","61.548","61.751","61.338","","-0.30%"
"05/04/2026","61.616","61.442","61.791","61.311","","0.43%"
"05/01/2026","61.352","61.290","61.520","61.141","","0.03%"
"04/30/2026","61.331","61.635","61.721","61.189","","-0.50%"
"04/29/2026","61.642","61.110","61.734","61.110","","0.86%"
"04/28/2026","61.118","60.755","61.316","60.668","","0.60%"
"04/27/2026","60.752","60.716","60.894","60.607","","0.08%"
"04/24/2026","60.703","60.451","60.788","60.439","","0.34%"
"04/23/2026","60.498","60.157","60.561","60.104","","0.56%"
"04/22/2026","60.160","59.918","60.233","59.918","","0.24%"
"04/21/2026","60.015","59.919","60.200","59.810","","0.25%"
"04/20/2026","59.863","59.910","60.069","59.705","","0.33%"
"04/17/2026","59.666","60.075","60.186","59.389","","-0.56%"
"04/16/2026","60.004","60.091","60.121","59.837","","-0.10%"
"04/15/2026","60.067","59.846","60.133","59.735","","0.36%"
"04/14/2026","59.852","60.079","60.183","59.701","","-0.31%"
"04/13/2026","60.040","59.923","60.478","59.917","","0.17%"
"04/10/2026","59.938","59.695","60.011","59.635","","0.45%"
"04/09/2026","59.672","59.489","59.938","59.413","","0.30%"
"04/08/2026","59.491","60.225","60.262","59.316","","-1.22%"
"04/07/2026","60.225","60.067","60.319","60.019","","0.27%"
"04/06/2026","60.063","60.194","60.599","60.006","","-0.27%"
"04/03/2026","60.226","60.332","60.351","60.176","","-0.20%"
"04/02/2026","60.344","60.227","60.689","60.157","","0.19%"
"04/01/2026","60.227","60.623","60.731","60.063","","-0.66%"
"03/31/2026","60.626","60.740","60.791","60.487","","-0.19%"
"03/30/2026","60.741","60.645","60.860","60.608","","0.35%"
"03/27/2026","60.531","60.223","60.613","60.177","","0.51%"
"03/26/2026","60.223","60.073","60.326","60.049","","0.25%"
"03/25/2026","60.072","59.924","60.153","59.874","","0.30%"
"03/24/2026","59.895","59.977","60.156","59.719","","-0.11%"
"03/23/2026","59.959","60.112","60.438","59.248","","0.20%"
"03/20/2026","59.842","59.832","59.988","59.639","","0.00%"
"03/19/2026","59.840","59.703","60.363","59.611","","0.19%"
"03/18/2026","59.724","59.797","60.004","59.482","","0.04%"
"03/17/2026","59.701","59.820","59.894","59.522","","0.00%"
"03/16/2026","59.701","59.745","60.085","59.525","","-0.12%"
"03/13/2026","59.771","59.375","59.889","59.375","","0.56%"
"03/12/2026","59.439","59.209","59.664","59.152","","0.39%"
"03/11/2026","59.209","58.869","59.310","58.784","","0.42%"
"03/10/2026","58.963","59.335","59.405","58.857","","-0.27%"
"03/09/2026","59.122","59.016","59.710","59.016","","0.09%"
"03/06/2026","59.068","58.717","59.309","58.632","","0.26%"
"03/05/2026","58.916","58.354","58.951","58.345","","0.89%"
"03/04/2026","58.394","58.454","58.677","58.310","","-0.09%"
"03/03/2026","58.447","58.223","58.668","58.162","","0.39%"
"03/02/2026","58.220","57.686","58.282","57.667","","0.92%"
"02/27/2026","57.690","57.629","57.742","57.538","","0.11%"
"02/26/2026","57.629","57.539","57.773","57.462","","0.15%"
"02/25/2026","57.540","57.742","57.790","57.442","","-0.35%"
"02/24/2026","57.744","57.619","57.820","57.579","","0.21%"
"02/23/2026","57.622","58.042","58.180","57.506","","-0.80%"
"02/20/2026","58.085","58.005","58.189","57.888","","0.13%"
"02/19/2026","58.012","57.931","58.084","57.862","","0.15%"
"02/18/2026","57.927","57.947","58.041","57.819","","-0.02%"
"02/17/2026","57.941","58.037","58.058","57.792","","-0.16%"
"02/16/2026","58.036","57.896","58.040","57.886","","0.12%"
"02/13/2026","57.969","58.106","58.137","57.781","","-0.24%"
"02/12/2026","58.106","58.270","58.305","57.950","","-0.28%"
"02/11/2026","58.270","58.512","58.533","58.224","","-0.41%"
"02/10/2026","58.512","58.502","58.563","58.408","","0.02%"
"02/09/2026","58.498","58.542","58.603","58.393","","-0.12%"
"02/06/2026","58.569","58.783","58.813","58.419","","-0.37%"
"02/05/2026","58.788","58.972","58.987","58.669","","-0.31%"
"02/04/2026","58.972","59.058","59.071","58.899","","-0.15%"
"02/03/2026","59.059","58.891","59.187","58.843","","0.29%"
"02/02/2026","58.891","58.909","58.947","58.804","","-0.02%"
"01/30/2026","58.900","58.982","59.022","58.847","","-0.13%"
"01/29/2026","58.979","58.766","59.050","58.734","","0.36%"
"01/28/2026","58.766","58.930","58.980","58.676","","-0.30%"
"01/27/2026","58.944","59.066","59.124","58.841","","-0.36%"
"01/26/2026","59.154","59.122","59.197","58.925","","0.19%"
"01/23/2026","59.042","59.065","59.150","58.901","","0.07%"
"01/22/2026","58.998","59.262","59.323","58.933","","-0.44%"
"01/21/2026","59.257","59.391","59.491","59.088","","-0.21%"
"01/20/2026","59.380","59.438","59.525","59.245","","-0.10%"
"01/19/2026","59.438","59.345","59.492","59.332","","0.09%"
"01/16/2026","59.385","59.466","59.501","59.338","","-0.14%"
"01/15/2026","59.466","59.451","59.560","59.376","","0.03%"
"01/14/2026","59.448","59.374","59.522","59.308","","0.12%"
"01/13/2026","59.374","59.260","59.508","59.189","","0.19%"
"01/12/2026","59.260","59.165","59.430","59.162","","0.05%"
"01/09/2026","59.231","59.165","59.281","59.081","","0.11%"
"01/08/2026","59.164","59.237","59.320","59.061","","-0.12%"
"01/07/2026","59.237","59.226","59.373","59.133","","0.02%"
"01/06/2026","59.226","59.059","59.281","58.995","","0.28%"
"01/05/2026","59.059","58.838","59.215","58.805","","0.38%"
"01/02/2026","58.838","58.861","58.918","58.794","","-0.03%"
"01/01/2026","58.853","58.854","58.885","58.807","","-0.01%"
"12/31/2025","58.856","58.842","58.987","58.789","","-0.01%"
"12/30/2025","58.861","58.827","58.902","58.774","","0.06%"
"12/29/2025","58.828","58.767","58.911","58.737","","0.12%"
"12/26/2025","58.755","58.801","58.859","58.728","","-0.07%"
"12/25/2025","58.795","58.775","58.832","58.765","","0.02%"
"12/24/2025","58.786","58.800","58.835","58.670","","-0.02%"
"12/23/2025","58.800","58.744","58.888","58.691","","0.10%"
"12/22/2025","58.744","58.660","58.796","58.561","","0.17%"
"12/19/2025","58.646","58.546","58.827","58.502","","0.10%"
"12/18/2025","58.587","58.717","58.752","58.517","","-0.19%"
"12/17/2025","58.701","58.723","58.828","58.614","","-0.04%"
"12/16/2025","58.723","58.957","59.006","58.569","","-0.40%"
"12/15/2025","58.957","59.106","59.134","58.858","","-0.22%"
"12/12/2025","59.087","59.015","59.149","58.908","","0.16%"
"12/11/2025","58.990","59.132","59.204","58.938","","-0.24%"
"12/10/2025","59.132","59.181","59.301","59.119","","-0.22%"
"12/09/2025","59.262","59.099","59.387","59.025","","0.27%"
"12/08/2025","59.100","59.005","59.122","58.927","","0.27%"
"12/05/2025","58.940","59.131","59.141","58.899","","-0.32%"
"12/04/2025","59.130","58.942","59.213","58.905","","0.22%"
"12/03/2025","58.999","58.557","59.096","58.522","","0.60%"
"12/02/2025","58.647","58.456","58.784","58.334","","0.40%"
"12/01/2025","58.411","58.633","58.667","58.384","","-0.38%"
"11/28/2025","58.633","58.770","58.802","58.588","","-0.28%"
"11/27/2025","58.798","58.808","58.864","58.728","","0.02%"
"11/26/2025","58.784","58.821","58.881","58.679","","-0.02%"
"11/25/2025","58.798","58.907","58.945","58.762","","-0.24%"
"11/24/2025","58.938","58.807","59.008","58.801","","0.30%"
"11/21/2025","58.761","59.055","59.080","58.698","","-0.50%"
"11/20/2025","59.054","58.963","59.122","58.927","","0.07%"
"11/19/2025","59.014","58.873","59.053","58.820","","0.29%"
"11/18/2025","58.846","58.951","59.070","58.764","","-0.15%"
"11/17/2025","58.933","59.050","59.256","58.869","","-0.24%"
"11/14/2025","59.075","58.979","59.190","58.766","","0.23%"
"11/13/2025","58.938","59.171","59.179","58.760","","-0.31%"
"11/12/2025","59.124","58.960","59.214","58.911","","0.31%"
"11/11/2025","58.944","58.922","59.067","58.831","","0.05%"
"11/10/2025","58.916","59.050","59.090","58.743","","-0.07%"
"11/07/2025","58.959","59.067","59.177","58.902","","-0.16%"
"11/06/2025","59.052","58.779","59.087","58.726","","0.50%"
"11/05/2025","58.758","58.627","58.896","58.606","","0.32%"
"11/04/2025","58.570","58.752","58.789","58.519","","-0.19%"
"11/03/2025","58.683","58.797","58.938","58.638","","-0.09%"
"10/31/2025","58.734","58.856","58.902","58.613","","-0.23%"
"10/30/2025","58.868","58.707","59.036","58.591","","0.37%"
"10/29/2025","58.650","59.118","59.232","58.470","","-0.77%"
"10/28/2025","59.103","58.931","59.277","58.843","","0.35%"
"10/27/2025","58.898","58.713","58.942","58.589","","0.20%"
"10/24/2025","58.783","58.623","58.783","58.529","","0.31%"
"10/23/2025","58.603","58.512","58.701","58.466","","0.20%"
"10/22/2025","58.487","58.301","58.552","58.230","","0.27%"
"10/21/2025","58.331","58.170","58.397","58.094","","0.28%"
"10/20/2025","58.170","58.161","58.228","58.068","","0.02%"
"10/17/2025","58.156","58.055","58.225","58.013","","0.26%"
"10/16/2025","58.004","58.150","58.160","57.961","","-0.25%"
"10/15/2025","58.148","58.225","58.268","57.992","","-0.14%"
"10/14/2025","58.232","58.253","58.291","58.111","","0.09%"
"10/13/2025","58.180","58.279","58.357","58.100","","-0.18%"
"10/10/2025","58.282","58.370","58.401","58.089","","-0.26%"
"10/09/2025","58.433","57.975","58.519","57.799","","0.76%"
"10/08/2025","57.994","58.114","58.225","57.935","","-0.20%"
"10/07/2025","58.108","58.281","58.346","57.991","","-0.27%"
"10/06/2025","58.268","57.911","58.366","57.906","","0.57%"
"10/03/2025","57.936","58.094","58.148","57.835","","-0.28%"
"10/02/2025","58.097","58.172","58.314","58.057","","-0.14%"